<?xml version="1.0" encoding="UTF-8"?>
<beans xmlns="http://www.springframework.org/schema/beans"
	xmlns:batch="http://www.springframework.org/schema/batch"
	xmlns:context="http://www.springframework.org/schema/context"
	xmlns:task="http://www.springframework.org/schema/task" 
	xmlns:xsi="http://www.w3.org/2001/XMLSchema-instance"
	xsi:schemaLocation="http://www.springframework.org/schema/batch
	http://www.springframework.org/schema/batch/spring-batch-2.2.xsd
	http://www.springframework.org/schema/beans 
	http://www.springframework.org/schema/beans/spring-beans-3.2.xsd
	http://www.springframework.org/schema/context
	http://www.springframework.org/schema/context/spring-context-3.2.xsd
	http://www.springframework.org/schema/task
        http://www.springframework.org/schema/task/spring-task-3.2.xsd
	">
 
	<context:component-scan base-package="com.staples.pcm.springbatch.boomerang" />
	
  <import resource="file:${SPRING_BATCH_CONFIG_DIR}/database.xml" />
  <import resource="file:${SPRING_BATCH_CONFIG_DIR}/context.xml" />
 
 
	<job id="DBtoCSVJob" xmlns="http://www.springframework.org/schema/batch">
		<step id="readDB">
			<tasklet transaction-manager="transactionManager"
				start-limit="1" allow-start-if-complete="false">
				<chunk reader="databaseItemReader" 
				writer="excelProductWriter" commit-interval="100">
				</chunk>
				  
				<listeners>
					<listener ref="excelProductWriter" />
				</listeners>
				
			</tasklet>
		</step>
		
		<listeners>
			<listener ref="dBtoCSVJobListner" />
		</listeners>
		
	</job>
     <bean id="dBtoCSVJobListner" 
          class="com.staples.pcm.springbatch.reportnewsku.ReportNewSKUJobListner" >
          <property name="ds" ref="dataSource" />
   
	</bean> 	
	

	<!-- ItemReader which reads from database and returns the row mapped by rowMapper -->
	<bean id="databaseItemReader"
		class="org.springframework.batch.item.database.JdbcCursorItemReader"> 
		<property name="dataSource" ref="dataSource" /> 
		<property name="sql">
		  <value>
            <![CDATA[        
SELECT Create_TimeStamp,A0012,STEP_Item_ID,A0018_RET,A0078_RET,A0077_RET,A0075_RET,A0302,Product_Specialist,A0024,A0025,A0026,A0029,A0239,A0238,A0237,A0240,A0015,A0013_RET,A0210,A0211,A0212,A0090,A0230,A0404,A0318,A0320,A0008,A0116,A0117,A0080,A0189,A0190,A0191,A0017,A0051,A0185,A0186,A0181,A0182   
FROM ALL_SKU_ATTRIBUTES where Batch_ReportNewSKU_Status IS NOT NULL and Batch_ReportNewSKU_Status = 'In Progress'

			]]>
		  </value>
		</property>
		<property name="rowMapper"> 
			<bean class="com.staples.pcm.springbatch.reportnewsku.ReportNewSKUPOJORowMapper" /> 
		</property> 
	</bean> 

	<bean id="excelProductWriter" class="com.staples.pcm.springbatch.reportnewsku.ReportNewSKUExcelWriter">
		<!-- write to this xlsx file -->
	</bean>
	<bean id="reportNewSKUPOJO" class="com.staples.pcm.springbatch.reportnewsku.model.ReportNewSKUPOJO" scope="prototype" />


	<bean id="outputFile"
		class="org.springframework.core.io.FileSystemResource" scope="step">
		<constructor-arg value="#{jobParameters[outputFile]}" />
	</bean>
	<!-- 
	<bean id="outputFile3"
		class="org.springframework.core.io.FileSystemResource" scope="step">
		<constructor-arg value="#{jobParameters[outputFile3]}" />
	</bean>
	 -->
 
</beans>