<beans xmlns="http://www.springframework.org/schema/beans"
	xmlns:batch="http://www.springframework.org/schema/batch" 
	xmlns:task="http://www.springframework.org/schema/task"
	xmlns:util="http://www.springframework.org/schema/util" 
	xmlns:xsi="http://www.w3.org/2001/XMLSchema-instance"
	xsi:schemaLocation="http://www.springframework.org/schema/batch
	http://www.springframework.org/schema/batch/spring-batch-2.2.xsd
	http://www.springframework.org/schema/beans 
	http://www.springframework.org/schema/beans/spring-beans-3.2.xsd
	http://www.springframework.org/schema/util 
	http://www.springframework.org/schema/util/spring-util-3.2.xsd">

	<job id="stepToWercs" xmlns="http://www.springframework.org/schema/batch">
		<step id="step1">
			<tasklet>
				<chunk reader="multiResourceReader" 
			writer="wercsItemWriter" processor="stepToWercsProcessor"
			commit-interval="1000" skip-limit="1000000">
					<skippable-exception-classes>
						<include class="java.lang.Exception"/>
					</skippable-exception-classes>	
					<listeners>
						<listener ref="wercsStepToWercsJobListener" />
					</listeners>
				</chunk>
				<listeners>
					<listener ref="wercsStepToWercsJobListener" />
				</listeners>
			</tasklet>
		</step>
		<listeners>
			<listener ref="wercsStepToWercsJobListener" />
		</listeners>
	</job>

	<bean id="wercsStepToWercsJobListener" class="com.staples.pim.delegate.wercs.steptowercs.processor.WercsItemListener" />
	<!-- Filtering process -->
	<bean id="stepToWercsProcessor" class="com.staples.pim.delegate.wercs.steptowercs.processor.StepToWercsIntgProcessor" >
		<property name="databaseAccessor" ref="databaseAccess" />
	</bean>
	<bean id="restAPIProcessor" class="com.staples.pim.delegate.wercs.steptowercs.processor.WERCSRestAPIProcessor" />

	<bean id="multiResourceReader" class=" org.springframework.batch.item.file.MultiResourceItemReader">
		<property name="resources" value="file:C:\\opt\\stibo\\integration\\hotfolder\\WERCSIncoming\\STEPRegistrationRequest\\File_Unprocessed\\1413766-*.xml" />
		<property name="delegate" ref="xmlItemReader" />
	</bean>

	<bean id="xmlItemReader" 
        class="org.springframework.batch.item.xml.StaxEventItemReader">
		<property name="fragmentRootElementName" value="STEP-ProductInformation" />
		<property name="unmarshaller" ref="reportUnmarshaller" />
	</bean>

	<!-- Read and map values to object, via jaxb2 -->
	<bean id="reportUnmarshaller" class="org.springframework.oxm.jaxb.Jaxb2Marshaller">
		<property name="classesToBeBound">
			<list>
				<value>com.staples.pcm.stepcontract.beans.STEPProductInformation</value>
			</list>
		</property>
	</bean>

	<bean id="wercsItemWriter"
		class="org.springframework.batch.item.file.MultiResourceItemWriter">
		<property name="delegate" ref="wercsWriter" />
		<property name="itemCountLimitPerResource" value="3000" />
		<property name="resource" value="file:C:\\opt\\stibo\\integration\\hotfolder\\WERCSIncoming\\STEPRegistrationRequest\\outputFilewercs.xml" />
	</bean>

	<bean id="wercsWriter" class="com.staples.pim.delegate.wercs.steptowercs.processor.WercsResponseXMLWriter" />

	<bean id="jobRepository" class="org.springframework.batch.core.repository.support.MapJobRepositoryFactoryBean">
		<property name="transactionManager" ref="transactionManager" />
	</bean>

	<bean id="transactionManager"
	class="org.springframework.batch.support.transaction.ResourcelessTransactionManager" />

	<bean id="jobLauncher" class="org.springframework.batch.core.launch.support.SimpleJobLauncher">
		<property name="jobRepository" ref="jobRepository" />
	</bean>

	<bean id="inputFile"
		class="org.springframework.core.io.FileSystemResource" scope="step">
		<constructor-arg value="#{jobParameters[inputFile]}" />
	</bean>

	<bean id="databaseAccess"
		class="com.staples.pim.delegate.wercs.databaseprocessor.DatabaseAccessor">
		<property name="datasource" ref="datasources" />
	</bean>

	<bean id="datasources" class="oracle.jdbc.pool.OracleDataSource" destroy-method="close">
		<property name="connectionCachingEnabled" value="true" />
		<property name="URL" value="jdbc:oracle:thin:@lpcmdndbv05.staples.com:51521/PCMDEV5" />
		<property name="user" value="SB_OWNER" />
		<property name="password" value="pcm_sbowner_d5" />
		<property name="connectionCacheProperties">
			<props merge="default">
				<prop key="MinLimit">3</prop>
				<prop key="MaxLimit">20</prop>
			</props>
		</property>
	</bean>
</beans>