<?xml version="1.0" encoding="UTF-8"?>
<beans xmlns="http://www.springframework.org/schema/beans"
	xmlns:batch="http://www.springframework.org/schema/batch"
	xmlns:context="http://www.springframework.org/schema/context"
	xmlns:task="http://www.springframework.org/schema/task" 
	xmlns:xsi="http://www.w3.org/2001/XMLSchema-instance"
	xsi:schemaLocation="http://www.springframework.org/schema/batch
	http://www.springframework.org/schema/batch/spring-batch-3.0.xsd
	http://www.springframework.org/schema/beans 
	http://www.springframework.org/schema/beans/spring-beans-4.0.xsd
	http://www.springframework.org/schema/context
	http://www.springframework.org/schema/context/spring-context-4.0.xsd
	http://www.springframework.org/schema/task
    http://www.springframework.org/schema/task/spring-task-4.0.xsd
	">

  <bean id="copyAttributesAttribute" class="com.staples.pim.delegate.copyattributes.attributes.runner.CopyAttributesScheduler" />
  <bean id="copyAttributesTaxonomy" class="com.staples.pim.delegate.copyattributes.taxonomy.runner.CopyAttributesTaxonomyScheduler" />
  <bean id="copyAttributesSpecData" class="com.staples.pim.delegate.copyattributes.specdata.runner.CopyAttributesSpecDataScheduler" />
   <task:scheduled-tasks>
	<task:scheduled ref="copyAttributesAttribute" method="run" cron="0 * * * * *" />
	<task:scheduled ref="copyAttributesTaxonomy" method="run" cron="20 * * * * *" />
	<task:scheduled ref="copyAttributesSpecData" method="run" cron="40 * * * * *" />
</task:scheduled-tasks>
 
</beans>